{
	"credit": "Made with Blockbench",
	"ambientocclusion": false,
	"textures": {
		"3": "block/hopper_outside_on",
		"4": "block/hopper_inside_on",
		"6": "block/hopper_top_on",
		"particle": "block/hopper_top_on"
	},
	"elements": [
		{
			"from": [0, 10, 0],
			"to": [16, 11, 16],
			"faces": {
				"north": {"uv": [0, 5, 16, 6], "texture": "#3", "cullface": "north"},
				"east": {"uv": [0, 5, 16, 6], "texture": "#3", "cullface": "east"},
				"south": {"uv": [0, 5, 16, 6], "texture": "#3", "cullface": "south"},
				"west": {"uv": [0, 5, 16, 6], "texture": "#3", "cullface": "west"},
				"up": {"uv": [0, 0, 16, 16], "texture": "#4", "cullface": "up"},
				"down": {"uv": [0, 0, 16, 16], "texture": "#4"}
			}
		},
		{
			"from": [0, 11, 0],
			"to": [2, 16, 16],
			"faces": {
				"north": {"uv": [14, 0, 16, 5], "texture": "#3", "cullface": "north"},
				"east": {"uv": [0, 0, 16, 5], "texture": "#3", "cullface": "up"},
				"south": {"uv": [0, 0, 2, 5], "texture": "#3", "cullface": "south"},
				"west": {"uv": [0, 0, 16, 5], "texture": "#3", "cullface": "west"},
				"up": {"uv": [0, 0, 2, 16], "texture": "#6", "cullface": "up"}
			}
		},
		{
			"from": [14, 11, 0],
			"to": [16, 16, 16],
			"faces": {
				"north": {"uv": [0, 0, 2, 5], "texture": "#3", "cullface": "north"},
				"east": {"uv": [0, 0, 16, 5], "texture": "#3", "cullface": "east"},
				"south": {"uv": [14, 0, 16, 5], "texture": "#3", "cullface": "south"},
				"west": {"uv": [0, 0, 16, 5], "texture": "#3", "cullface": "up"},
				"up": {"uv": [14, 0, 16, 16], "texture": "#6", "cullface": "up"}
			}
		},
		{
			"from": [2, 11, 0],
			"to": [14, 16, 2],
			"faces": {
				"north": {"uv": [2, 0, 14, 5], "texture": "#3", "cullface": "north"},
				"south": {"uv": [2, 0, 14, 5], "texture": "#3", "cullface": "up"},
				"up": {"uv": [2, 0, 14, 2], "texture": "#6", "cullface": "up"}
			}
		},
		{
			"from": [2, 11, 14],
			"to": [14, 16, 16],
			"faces": {
				"north": {"uv": [2, 0, 14, 5], "texture": "#3", "cullface": "up"},
				"south": {"uv": [2, 0, 14, 5], "texture": "#3", "cullface": "south"},
				"up": {"uv": [2, 14, 14, 16], "texture": "#6", "cullface": "up"}
			}
		},
		{
			"from": [4, 4, 4],
			"to": [12, 10, 12],
			"faces": {
				"north": {"uv": [8, 7, 16, 13], "texture": "#3"},
				"east": {"uv": [8, 7, 16, 13], "texture": "#3"},
				"south": {"uv": [8, 7, 16, 13], "texture": "#3"},
				"west": {"uv": [8, 7, 16, 13], "texture": "#3"},
				"down": {"uv": [8, 6, 16, 14], "texture": "#3"}
			}
		},
		{
			"from": [6, 0, 6],
			"to": [10, 4, 10],
			"faces": {
				"north": {"uv": [4, 12, 8, 16], "texture": "#3"},
				"east": {"uv": [4, 12, 8, 16], "texture": "#3"},
				"south": {"uv": [4, 12, 8, 16], "texture": "#3"},
				"west": {"uv": [4, 12, 8, 16], "texture": "#3"},
				"down": {"uv": [0, 12, 4, 16], "texture": "#3", "cullface": "down"}
			}
		}
	]
}