{
    "multipart": [
        {
            "when": {
                "OR": [
                    {
                        "west": "none",
                        "east": "none",
                        "south": "none",
                        "north": "none"
                    },
                    {
                        "east": "side|up",
                        "north": "side|up"
                    },
                    {
                        "east": "side|up",
                        "south": "side|up"
                    },
                    {
                        "west": "side|up",
                        "south": "side|up"
                    },
                    {
                        "west": "side|up",
                        "north": "side|up"
                    }
                ]
            },
            "apply": {
                "model": "block/redstone_wire/redstone_dust_dot"
            }
        },
        {
            "when": {
                "OR": [
                    {
                        "north": "side|up"
                    },
                    {
                        "north": "none",
                        "east": "none",
                        "south": "side|up",
                        "west": "none"
                    }
                ]
            },
            "apply": {
                "model": "block/redstone_wire/redstone_dust_side0"
            }
        },
        {
            "when": {
                "OR": [
                    {
                        "south": "side|up"
                    },
                    {
                        "north": "side|up",
                        "east": "none",
                        "south": "none",
                        "west": "none"
                    }
                ]
            },
            "apply": {
                "model": "block/redstone_wire/redstone_dust_side_alt0"
            }
        },
        {
            "when": {
                "OR": [
                    {
                        "east": "side|up"
                    },
                    {
                        "north": "none",
                        "east": "none",
                        "south": "none",
                        "west": "side|up"
                    }
                ]
            },
            "apply": {
                "model": "block/redstone_wire/redstone_dust_side_alt1",
                "y": 270
            }
        },
        {
            "when": {
                "OR": [
                    {
                        "west": "side|up"
                    },
                    {
                        "north": "none",
                        "east": "side|up",
                        "south": "none",
                        "west": "none"
                    }
                ]
            },
            "apply": {
                "model": "block/redstone_wire/redstone_dust_side1",
                "y": 270
            }
        },
        {
            "when": {
                "north": "up"
            },
            "apply": {
                "model": "block/redstone_wire/redstone_dust_up"
            }
        },
        {
            "when": {
                "east": "up"
            },
            "apply": {
                "model": "block/redstone_wire/redstone_dust_up",
                "y": 90
            }
        },
        {
            "when": {
                "south": "up"
            },
            "apply": {
                "model": "block/redstone_wire/redstone_dust_up",
                "y": 180
            }
        },
        {
            "when": {
                "west": "up"
            },
            "apply": {
                "model": "block/redstone_wire/redstone_dust_up",
                "y": 270
            }
        },
        {
            "when": {
                "power": "1"
            },
            "apply": {
                "model": "block/redstone_wire/redstone_dust_1"
            }
        },
        {
            "when": {
                "power": "2"
            },
            "apply": {
                "model": "block/redstone_wire/redstone_dust_2"
            }
        },
        {
            "when": {
                "power": "3"
            },
            "apply": {
                "model": "block/redstone_wire/redstone_dust_3"
            }
        },
        {
            "when": {
                "power": "4"
            },
            "apply": {
                "model": "block/redstone_wire/redstone_dust_4"
            }
        },
        {
            "when": {
                "power": "5"
            },
            "apply": {
                "model": "block/redstone_wire/redstone_dust_5"
            }
        },
        {
            "when": {
                "power": "6"
            },
            "apply": {
                "model": "block/redstone_wire/redstone_dust_6"
            }
        },
        {
            "when": {
                "power": "7"
            },
            "apply": {
                "model": "block/redstone_wire/redstone_dust_7"
            }
        },
        {
            "when": {
                "power": "8"
            },
            "apply": {
                "model": "block/redstone_wire/redstone_dust_8"
            }
        },
        {
            "when": {
                "power": "9"
            },
            "apply": {
                "model": "block/redstone_wire/redstone_dust_9"
            }
        },
        {
            "when": {
                "power": "10"
            },
            "apply": {
                "model": "block/redstone_wire/redstone_dust_10"
            }
        },
        {
            "when": {
                "power": "11"
            },
            "apply": {
                "model": "block/redstone_wire/redstone_dust_11"
            }
        },
        {
            "when": {
                "power": "12"
            },
            "apply": {
                "model": "block/redstone_wire/redstone_dust_12"
            }
        },
        {
            "when": {
                "power": "13"
            },
            "apply": {
                "model": "block/redstone_wire/redstone_dust_13"
            }
        },
        {
            "when": {
                "power": "14"
            },
            "apply": {
                "model": "block/redstone_wire/redstone_dust_14"
            }
        },
        {
            "when": {
                "power": "15"
            },
            "apply": {
                "model": "block/redstone_wire/redstone_dust_15"
            }
        }
    ]
}