{
    "variants": {
        "attached=false,powered=false,east=false,north=false,south=false,west=false": { "model": "block/tripwire/tripwire_ns" },
        "attached=false,powered=false,east=false,north=true,south=false,west=false": { "model": "block/tripwire/tripwire_n" },
        "attached=false,powered=false,east=false,north=false,south=true,west=false": { "model": "block/tripwire/tripwire_n", "y": 180 },
        "attached=false,powered=false,east=true,north=false,south=false,west=false": { "model": "block/tripwire/tripwire_n", "y": 90 },
        "attached=false,powered=false,east=false,north=false,south=false,west=true": { "model": "block/tripwire/tripwire_n", "y": 270 },
        "attached=false,powered=false,east=true,north=true,south=false,west=false": { "model": "block/tripwire/tripwire_ne" },
        "attached=false,powered=false,east=true,north=false,south=true,west=false": { "model": "block/tripwire/tripwire_ne", "y": 90 },
        "attached=false,powered=false,east=false,north=false,south=true,west=true": { "model": "block/tripwire/tripwire_ne", "y": 180 },
        "attached=false,powered=false,east=false,north=true,south=false,west=true": { "model": "block/tripwire/tripwire_ne", "y": 270 },
        "attached=false,powered=false,east=false,north=true,south=true,west=false": { "model": "block/tripwire/tripwire_ns" },
        "attached=false,powered=false,east=true,north=false,south=false,west=true": { "model": "block/tripwire/tripwire_ns", "y": 90 },
        "attached=false,powered=false,east=true,north=true,south=true,west=false": { "model": "block/tripwire/tripwire_nse" },
        "attached=false,powered=false,east=true,north=false,south=true,west=true": { "model": "block/tripwire/tripwire_nse", "y": 90 },
        "attached=false,powered=false,east=false,north=true,south=true,west=true": { "model": "block/tripwire/tripwire_nse", "y": 180 },
        "attached=false,powered=false,east=true,north=true,south=false,west=true": { "model": "block/tripwire/tripwire_nse", "y": 270 },
        "attached=false,powered=false,east=true,north=true,south=true,west=true": { "model": "block/tripwire/tripwire_nsew" },
        "attached=true,powered=false,east=false,north=false,south=false,west=false": { "model": "block/tripwire/tripwire_attached_ns" },
        "attached=true,powered=false,east=false,north=true,south=false,west=false": { "model": "block/tripwire/tripwire_attached_n" },
        "attached=true,powered=false,east=false,north=false,south=true,west=false": { "model": "block/tripwire/tripwire_attached_n", "y": 180 },
        "attached=true,powered=false,east=true,north=false,south=false,west=false": { "model": "block/tripwire/tripwire_attached_n", "y": 90 },
        "attached=true,powered=false,east=false,north=false,south=false,west=true": { "model": "block/tripwire/tripwire_attached_n", "y": 270 },
        "attached=true,powered=false,east=true,north=true,south=false,west=false": { "model": "block/tripwire/tripwire_attached_ne" },
        "attached=true,powered=false,east=true,north=false,south=true,west=false": { "model": "block/tripwire/tripwire_attached_ne", "y": 90 },
        "attached=true,powered=false,east=false,north=false,south=true,west=true": { "model": "block/tripwire/tripwire_attached_ne", "y": 180 },
        "attached=true,powered=false,east=false,north=true,south=false,west=true": { "model": "block/tripwire/tripwire_attached_ne", "y": 270 },
        "attached=true,powered=false,east=false,north=true,south=true,west=false": { "model": "block/tripwire/tripwire_attached_ns" },
        "attached=true,powered=false,east=true,north=false,south=false,west=true": { "model": "block/tripwire/tripwire_attached_ns", "y": 90 },
        "attached=true,powered=false,east=true,north=true,south=true,west=false": { "model": "block/tripwire/tripwire_attached_nse" },
        "attached=true,powered=false,east=true,north=false,south=true,west=true": { "model": "block/tripwire/tripwire_attached_nse", "y": 90 },
        "attached=true,powered=false,east=false,north=true,south=true,west=true": { "model": "block/tripwire/tripwire_attached_nse", "y": 180 },
        "attached=true,powered=false,east=true,north=true,south=false,west=true": { "model": "block/tripwire/tripwire_attached_nse", "y": 270 },
        "attached=true,powered=false,east=true,north=true,south=true,west=true": { "model": "block/tripwire/tripwire_attached_nsew" },
        "attached=false,powered=true,east=false,north=false,south=false,west=false": { "model": "block/tripwire/tripwire_ns2" },
        "attached=false,powered=true,east=false,north=true,south=false,west=false": { "model": "block/tripwire/tripwire_n2" },
        "attached=false,powered=true,east=false,north=false,south=true,west=false": { "model": "block/tripwire/tripwire_n2", "y": 180 },
        "attached=false,powered=true,east=true,north=false,south=false,west=false": { "model": "block/tripwire/tripwire_n2", "y": 90 },
        "attached=false,powered=true,east=false,north=false,south=false,west=true": { "model": "block/tripwire/tripwire_n2", "y": 270 },
        "attached=false,powered=true,east=true,north=true,south=false,west=false": { "model": "block/tripwire/tripwire_ne2" },
        "attached=false,powered=true,east=true,north=false,south=true,west=false": { "model": "block/tripwire/tripwire_ne2", "y": 90 },
        "attached=false,powered=true,east=false,north=false,south=true,west=true": { "model": "block/tripwire/tripwire_ne2", "y": 180 },
        "attached=false,powered=true,east=false,north=true,south=false,west=true": { "model": "block/tripwire/tripwire_ne2", "y": 270 },
        "attached=false,powered=true,east=false,north=true,south=true,west=false": { "model": "block/tripwire/tripwire_ns2" },
        "attached=false,powered=true,east=true,north=false,south=false,west=true": { "model": "block/tripwire/tripwire_ns2", "y": 90 },
        "attached=false,powered=true,east=true,north=true,south=true,west=false": { "model": "block/tripwire/tripwire_nse2" },
        "attached=false,powered=true,east=true,north=false,south=true,west=true": { "model": "block/tripwire/tripwire_nse2", "y": 90 },
        "attached=false,powered=true,east=false,north=true,south=true,west=true": { "model": "block/tripwire/tripwire_nse2", "y": 180 },
        "attached=false,powered=true,east=true,north=true,south=false,west=true": { "model": "block/tripwire/tripwire_nse2", "y": 270 },
        "attached=false,powered=true,east=true,north=true,south=true,west=true": { "model": "block/tripwire/tripwire_nsew2" },
        "attached=true,powered=true,east=false,north=false,south=false,west=false": { "model": "block/tripwire/tripwire_attached_ns2" },
        "attached=true,powered=true,east=false,north=true,south=false,west=false": { "model": "block/tripwire/tripwire_attached_n2" },
        "attached=true,powered=true,east=false,north=false,south=true,west=false": { "model": "block/tripwire/tripwire_attached_n2", "y": 180 },
        "attached=true,powered=true,east=true,north=false,south=false,west=false": { "model": "block/tripwire/tripwire_attached_n2", "y": 90 },
        "attached=true,powered=true,east=false,north=false,south=false,west=true": { "model": "block/tripwire/tripwire_attached_n2", "y": 270 },
        "attached=true,powered=true,east=true,north=true,south=false,west=false": { "model": "block/tripwire/tripwire_attached_ne2" },
        "attached=true,powered=true,east=true,north=false,south=true,west=false": { "model": "block/tripwire/tripwire_attached_ne2", "y": 90 },
        "attached=true,powered=true,east=false,north=false,south=true,west=true": { "model": "block/tripwire/tripwire_attached_ne2", "y": 180 },
        "attached=true,powered=true,east=false,north=true,south=false,west=true": { "model": "block/tripwire/tripwire_attached_ne2", "y": 270 },
        "attached=true,powered=true,east=false,north=true,south=true,west=false": { "model": "block/tripwire/tripwire_attached_ns2" },
        "attached=true,powered=true,east=true,north=false,south=false,west=true": { "model": "block/tripwire/tripwire_attached_ns2", "y": 90 },
        "attached=true,powered=true,east=true,north=true,south=true,west=false": { "model": "block/tripwire/tripwire_attached_nse2" },
        "attached=true,powered=true,east=true,north=false,south=true,west=true": { "model": "block/tripwire/tripwire_attached_nse2", "y": 90 },
        "attached=true,powered=true,east=false,north=true,south=true,west=true": { "model": "block/tripwire/tripwire_attached_nse2", "y": 180 },
        "attached=true,powered=true,east=true,north=true,south=false,west=true": { "model": "block/tripwire/tripwire_attached_nse2", "y": 270 },
        "attached=true,powered=true,east=true,north=true,south=true,west=true": { "model": "block/tripwire/tripwire_attached_nsew2" }
    }
}
